{
  "dataset_revision": "75b399394a9803252cfec289d103de462763db7c",
  "task_name": "BelebeleRetrieval",
  "mteb_version": "1.29.9",
  "scores": {
    "test": [
      {
        "ndcg_at_1": 0.53333,
        "ndcg_at_3": 0.60772,
        "ndcg_at_5": 0.63292,
        "ndcg_at_10": 0.66297,
        "ndcg_at_20": 0.67976,
        "ndcg_at_100": 0.69647,
        "ndcg_at_1000": 0.70092,
        "map_at_1": 0.53333,
        "map_at_3": 0.58963,
        "map_at_5": 0.60363,
        "map_at_10": 0.61617,
        "map_at_20": 0.62089,
        "map_at_100": 0.62336,
        "map_at_1000": 0.62355,
        "recall_at_1": 0.53333,
        "recall_at_3": 0.66,
        "recall_at_5": 0.72111,
        "recall_at_10": 0.81333,
        "recall_at_20": 0.87889,
        "recall_at_100": 0.96667,
        "recall_at_1000": 1.0,
        "precision_at_1": 0.53333,
        "precision_at_3": 0.22,
        "precision_at_5": 0.14422,
        "precision_at_10": 0.08133,
        "precision_at_20": 0.04394,
        "precision_at_100": 0.00967,
        "precision_at_1000": 0.001,
        "mrr_at_1": 0.533333,
        "mrr_at_3": 0.58963,
        "mrr_at_5": 0.60363,
        "mrr_at_10": 0.61617,
        "mrr_at_20": 0.620893,
        "mrr_at_100": 0.623358,
        "mrr_at_1000": 0.623555,
        "nauc_ndcg_at_1_max": 0.554236,
        "nauc_ndcg_at_1_std": 0.061046,
        "nauc_ndcg_at_1_diff1": 0.711379,
        "nauc_ndcg_at_3_max": 0.552243,
        "nauc_ndcg_at_3_std": 0.053432,
        "nauc_ndcg_at_3_diff1": 0.66408,
        "nauc_ndcg_at_5_max": 0.546793,
        "nauc_ndcg_at_5_std": 0.060828,
        "nauc_ndcg_at_5_diff1": 0.652486,
        "nauc_ndcg_at_10_max": 0.551134,
        "nauc_ndcg_at_10_std": 0.075528,
        "nauc_ndcg_at_10_diff1": 0.647691,
        "nauc_ndcg_at_20_max": 0.55141,
        "nauc_ndcg_at_20_std": 0.083896,
        "nauc_ndcg_at_20_diff1": 0.654313,
        "nauc_ndcg_at_100_max": 0.551946,
        "nauc_ndcg_at_100_std": 0.080472,
        "nauc_ndcg_at_100_diff1": 0.660202,
        "nauc_ndcg_at_1000_max": 0.551518,
        "nauc_ndcg_at_1000_std": 0.073605,
        "nauc_ndcg_at_1000_diff1": 0.663137,
        "nauc_map_at_1_max": 0.554236,
        "nauc_map_at_1_std": 0.061046,
        "nauc_map_at_1_diff1": 0.711379,
        "nauc_map_at_3_max": 0.551959,
        "nauc_map_at_3_std": 0.055043,
        "nauc_map_at_3_diff1": 0.675634,
        "nauc_map_at_5_max": 0.548738,
        "nauc_map_at_5_std": 0.058737,
        "nauc_map_at_5_diff1": 0.669671,
        "nauc_map_at_10_max": 0.550184,
        "nauc_map_at_10_std": 0.064158,
        "nauc_map_at_10_diff1": 0.668246,
        "nauc_map_at_20_max": 0.550575,
        "nauc_map_at_20_std": 0.066675,
        "nauc_map_at_20_diff1": 0.670173,
        "nauc_map_at_100_max": 0.550829,
        "nauc_map_at_100_std": 0.066566,
        "nauc_map_at_100_diff1": 0.670933,
        "nauc_map_at_1000_max": 0.550818,
        "nauc_map_at_1000_std": 0.066295,
        "nauc_map_at_1000_diff1": 0.671035,
        "nauc_recall_at_1_max": 0.554236,
        "nauc_recall_at_1_std": 0.061046,
        "nauc_recall_at_1_diff1": 0.711379,
        "nauc_recall_at_3_max": 0.553527,
        "nauc_recall_at_3_std": 0.048416,
        "nauc_recall_at_3_diff1": 0.627234,
        "nauc_recall_at_5_max": 0.539742,
        "nauc_recall_at_5_std": 0.070302,
        "nauc_recall_at_5_diff1": 0.588979,
        "nauc_recall_at_10_max": 0.55961,
        "nauc_recall_at_10_std": 0.143493,
        "nauc_recall_at_10_diff1": 0.543013,
        "nauc_recall_at_20_max": 0.559827,
        "nauc_recall_at_20_std": 0.23436,
        "nauc_recall_at_20_diff1": 0.547704,
        "nauc_recall_at_100_max": 0.57563,
        "nauc_recall_at_100_std": 0.433209,
        "nauc_recall_at_100_diff1": 0.502692,
        "nauc_recall_at_1000_max": NaN,
        "nauc_recall_at_1000_std": NaN,
        "nauc_recall_at_1000_diff1": NaN,
        "nauc_precision_at_1_max": 0.554236,
        "nauc_precision_at_1_std": 0.061046,
        "nauc_precision_at_1_diff1": 0.711379,
        "nauc_precision_at_3_max": 0.553527,
        "nauc_precision_at_3_std": 0.048416,
        "nauc_precision_at_3_diff1": 0.627234,
        "nauc_precision_at_5_max": 0.539742,
        "nauc_precision_at_5_std": 0.070302,
        "nauc_precision_at_5_diff1": 0.588979,
        "nauc_precision_at_10_max": 0.55961,
        "nauc_precision_at_10_std": 0.143493,
        "nauc_precision_at_10_diff1": 0.543013,
        "nauc_precision_at_20_max": 0.559827,
        "nauc_precision_at_20_std": 0.23436,
        "nauc_precision_at_20_diff1": 0.547704,
        "nauc_precision_at_100_max": 0.57563,
        "nauc_precision_at_100_std": 0.433209,
        "nauc_precision_at_100_diff1": 0.502692,
        "nauc_precision_at_1000_max": 1.0,
        "nauc_precision_at_1000_std": 1.0,
        "nauc_precision_at_1000_diff1": 1.0,
        "nauc_mrr_at_1_max": 0.554236,
        "nauc_mrr_at_1_std": 0.061046,
        "nauc_mrr_at_1_diff1": 0.711379,
        "nauc_mrr_at_3_max": 0.551959,
        "nauc_mrr_at_3_std": 0.055043,
        "nauc_mrr_at_3_diff1": 0.675634,
        "nauc_mrr_at_5_max": 0.548738,
        "nauc_mrr_at_5_std": 0.058737,
        "nauc_mrr_at_5_diff1": 0.669671,
        "nauc_mrr_at_10_max": 0.550184,
        "nauc_mrr_at_10_std": 0.064158,
        "nauc_mrr_at_10_diff1": 0.668246,
        "nauc_mrr_at_20_max": 0.550575,
        "nauc_mrr_at_20_std": 0.066675,
        "nauc_mrr_at_20_diff1": 0.670173,
        "nauc_mrr_at_100_max": 0.550829,
        "nauc_mrr_at_100_std": 0.066566,
        "nauc_mrr_at_100_diff1": 0.670933,
        "nauc_mrr_at_1000_max": 0.550818,
        "nauc_mrr_at_1000_std": 0.066295,
        "nauc_mrr_at_1000_diff1": 0.671035,
        "main_score": 0.66297,
        "hf_subset": "vie_Latn-vie_Latn",
        "languages": [
          "vie-Latn",
          "vie-Latn"
        ]
      },
      {
        "ndcg_at_1": 0.16778,
        "ndcg_at_3": 0.20384,
        "ndcg_at_5": 0.22392,
        "ndcg_at_10": 0.23997,
        "ndcg_at_20": 0.25878,
        "ndcg_at_100": 0.30495,
        "ndcg_at_1000": 0.34879,
        "map_at_1": 0.16778,
        "map_at_3": 0.19481,
        "map_at_5": 0.20593,
        "map_at_10": 0.21249,
        "map_at_20": 0.21764,
        "map_at_100": 0.2235,
        "map_at_1000": 0.22517,
        "recall_at_1": 0.16778,
        "recall_at_3": 0.23,
        "recall_at_5": 0.27889,
        "recall_at_10": 0.32889,
        "recall_at_20": 0.40333,
        "recall_at_100": 0.66,
        "recall_at_1000": 1.0,
        "precision_at_1": 0.16778,
        "precision_at_3": 0.07667,
        "precision_at_5": 0.05578,
        "precision_at_10": 0.03289,
        "precision_at_20": 0.02017,
        "precision_at_100": 0.0066,
        "precision_at_1000": 0.001,
        "mrr_at_1": 0.167778,
        "mrr_at_3": 0.194815,
        "mrr_at_5": 0.205926,
        "mrr_at_10": 0.212488,
        "mrr_at_20": 0.217644,
        "mrr_at_100": 0.223496,
        "mrr_at_1000": 0.225166,
        "nauc_ndcg_at_1_max": 0.484758,
        "nauc_ndcg_at_1_std": 0.128242,
        "nauc_ndcg_at_1_diff1": 0.507988,
        "nauc_ndcg_at_3_max": 0.442031,
        "nauc_ndcg_at_3_std": 0.137978,
        "nauc_ndcg_at_3_diff1": 0.437081,
        "nauc_ndcg_at_5_max": 0.435706,
        "nauc_ndcg_at_5_std": 0.165156,
        "nauc_ndcg_at_5_diff1": 0.401041,
        "nauc_ndcg_at_10_max": 0.4262,
        "nauc_ndcg_at_10_std": 0.170536,
        "nauc_ndcg_at_10_diff1": 0.389745,
        "nauc_ndcg_at_20_max": 0.423262,
        "nauc_ndcg_at_20_std": 0.180064,
        "nauc_ndcg_at_20_diff1": 0.386241,
        "nauc_ndcg_at_100_max": 0.424637,
        "nauc_ndcg_at_100_std": 0.188458,
        "nauc_ndcg_at_100_diff1": 0.373047,
        "nauc_ndcg_at_1000_max": 0.432106,
        "nauc_ndcg_at_1000_std": 0.17172,
        "nauc_ndcg_at_1000_diff1": 0.399105,
        "nauc_map_at_1_max": 0.484758,
        "nauc_map_at_1_std": 0.128242,
        "nauc_map_at_1_diff1": 0.507988,