{
  "dataset_revision": "main",
  "task_name": "PublicHealthQA",
  "mteb_version": "1.29.9",
  "scores": {
    "test": [
      {
        "ndcg_at_1": 0.37662,
        "ndcg_at_3": 0.48763,
        "ndcg_at_5": 0.51948,
        "ndcg_at_10": 0.55792,
        "ndcg_at_20": 0.58758,
        "ndcg_at_100": 0.61035,
        "ndcg_at_1000": 0.61035,
        "map_at_1": 0.37662,
        "map_at_3": 0.45887,
        "map_at_5": 0.47641,
        "map_at_10": 0.49265,
        "map_at_20": 0.50085,
        "map_at_100": 0.50439,
        "map_at_1000": 0.50439,
        "recall_at_1": 0.37662,
        "recall_at_3": 0.57143,
        "recall_at_5": 0.64935,
        "recall_at_10": 0.76623,
        "recall_at_20": 0.88312,
        "recall_at_100": 1.0,
        "recall_at_1000": 1.0,
        "precision_at_1": 0.37662,
        "precision_at_3": 0.19048,
        "precision_at_5": 0.12987,
        "precision_at_10": 0.07662,
        "precision_at_20": 0.04416,
        "precision_at_100": 0.01,
        "precision_at_1000": 0.001,
        "mrr_at_1": 0.376623,
        "mrr_at_3": 0.458874,
        "mrr_at_5": 0.476407,
        "mrr_at_10": 0.492651,
        "mrr_at_20": 0.500851,
        "mrr_at_100": 0.504388,
        "mrr_at_1000": 0.504388,
        "nauc_ndcg_at_1_max": 0.238937,
        "nauc_ndcg_at_1_std": 0.063283,
        "nauc_ndcg_at_1_diff1": 0.42585,
        "nauc_ndcg_at_3_max": 0.208213,
        "nauc_ndcg_at_3_std": 0.073957,
        "nauc_ndcg_at_3_diff1": 0.345009,
        "nauc_ndcg_at_5_max": 0.167542,
        "nauc_ndcg_at_5_std": 0.040056,
        "nauc_ndcg_at_5_diff1": 0.320758,
        "nauc_ndcg_at_10_max": 0.181363,
        "nauc_ndcg_at_10_std": 0.060388,
        "nauc_ndcg_at_10_diff1": 0.351542,
        "nauc_ndcg_at_20_max": 0.185274,
        "nauc_ndcg_at_20_std": 0.082931,
        "nauc_ndcg_at_20_diff1": 0.34594,
        "nauc_ndcg_at_100_max": 0.198158,
        "nauc_ndcg_at_100_std": 0.073161,
        "nauc_ndcg_at_100_diff1": 0.349768,
        "nauc_ndcg_at_1000_max": 0.198158,
        "nauc_ndcg_at_1000_std": 0.073161,
        "nauc_ndcg_at_1000_diff1": 0.349768,
        "nauc_map_at_1_max": 0.238937,
        "nauc_map_at_1_std": 0.063283,
        "nauc_map_at_1_diff1": 0.42585,
        "nauc_map_at_3_max": 0.214474,
        "nauc_map_at_3_std": 0.073831,
        "nauc_map_at_3_diff1": 0.361448,
        "nauc_map_at_5_max": 0.194,
        "nauc_map_at_5_std": 0.057038,
        "nauc_map_at_5_diff1": 0.348889,
        "nauc_map_at_10_max": 0.197612,
        "nauc_map_at_10_std": 0.063372,
        "nauc_map_at_10_diff1": 0.361622,
        "nauc_map_at_20_max": 0.200542,
        "nauc_map_at_20_std": 0.070275,
        "nauc_map_at_20_diff1": 0.359171,
        "nauc_map_at_100_max": 0.203114,
        "nauc_map_at_100_std": 0.070124,
        "nauc_map_at_100_diff1": 0.358948,
        "nauc_map_at_1000_max": 0.203114,
        "nauc_map_at_1000_std": 0.070124,
        "nauc_map_at_1000_diff1": 0.358948,
        "nauc_recall_at_1_max": 0.238937,
        "nauc_recall_at_1_std": 0.063283,
        "nauc_recall_at_1_diff1": 0.42585,
        "nauc_recall_at_3_max": 0.189623,
        "nauc_recall_at_3_std": 0.07323,
        "nauc_recall_at_3_diff1": 0.296222,
        "nauc_recall_at_5_max": 0.069886,
        "nauc_recall_at_5_std": -0.026593,
        "nauc_recall_at_5_diff1": 0.223069,
        "nauc_recall_at_10_max": 0.11652,
        "nauc_recall_at_10_std": 0.055247,
        "nauc_recall_at_10_diff1": 0.321866,
        "nauc_recall_at_20_max": 0.065625,
        "nauc_recall_at_20_std": 0.233403,
        "nauc_recall_at_20_diff1": 0.272121,
        "nauc_recall_at_100_max": NaN,
        "nauc_recall_at_100_std": NaN,
        "nauc_recall_at_100_diff1": NaN,
        "nauc_recall_at_1000_max": NaN,
        "nauc_recall_at_1000_std": NaN,
        "nauc_recall_at_1000_diff1": NaN,
        "nauc_precision_at_1_max": 0.238937,
        "nauc_precision_at_1_std": 0.063283,
        "nauc_precision_at_1_diff1": 0.42585,
        "nauc_precision_at_3_max": 0.189623,
        "nauc_precision_at_3_std": 0.07323,
        "nauc_precision_at_3_diff1": 0.296222,
        "nauc_precision_at_5_max": 0.069886,
        "nauc_precision_at_5_std": -0.026593,
        "nauc_precision_at_5_diff1": 0.223069,
        "nauc_precision_at_10_max": 0.11652,
        "nauc_precision_at_10_std": 0.055247,
        "nauc_precision_at_10_diff1": 0.321866,
        "nauc_precision_at_20_max": 0.065625,
        "nauc_precision_at_20_std": 0.233403,
        "nauc_precision_at_20_diff1": 0.272121,
        "nauc_precision_at_100_max": 1.0,
        "nauc_precision_at_100_std": 1.0,
        "nauc_precision_at_100_diff1": 1.0,
        "nauc_precision_at_1000_max": NaN,
        "nauc_precision_at_1000_std": NaN,
        "nauc_precision_at_1000_diff1": NaN,
        "nauc_mrr_at_1_max": 0.238937,
        "nauc_mrr_at_1_std": 0.063283,
        "nauc_mrr_at_1_diff1": 0.42585,
        "nauc_mrr_at_3_max": 0.214474,
        "nauc_mrr_at_3_std": 0.073831,
        "nauc_mrr_at_3_diff1": 0.361448,
        "nauc_mrr_at_5_max": 0.194,
        "nauc_mrr_at_5_std": 0.057038,
        "nauc_mrr_at_5_diff1": 0.348889,
        "nauc_mrr_at_10_max": 0.197612,
        "nauc_mrr_at_10_std": 0.063372,
        "nauc_mrr_at_10_diff1": 0.361622,
        "nauc_mrr_at_20_max": 0.200542,
        "nauc_mrr_at_20_std": 0.070275,
        "nauc_mrr_at_20_diff1": 0.359171,
        "nauc_mrr_at_100_max": 0.203114,
        "nauc_mrr_at_100_std": 0.070124,
        "nauc_mrr_at_100_diff1": 0.358948,
        "nauc_mrr_at_1000_max": 0.203114,
        "nauc_mrr_at_1000_std": 0.070124,
        "nauc_mrr_at_1000_diff1": 0.358948,
        "main_score": 0.55792,
        "hf_subset": "vietnamese",
        "languages": [
          "vie-Latn"
        ]
      }
    ]
  },
  "evaluation_time": 0.8467128276824951,
  "kg_co2_emissions": null
}