{
  "dataset_revision": "51adfef1c1287aab1d2d91b5bead9bcfb9c68583",
  "task_name": "XQuADRetrieval",
  "mteb_version": "1.29.9",
  "scores": {
    "validation": [
      {
        "ndcg_at_1": 0.64636,
        "ndcg_at_3": 0.74923,
        "ndcg_at_5": 0.77151,
        "ndcg_at_10": 0.78658,
        "ndcg_at_20": 0.7946,
        "ndcg_at_100": 0.80257,
        "ndcg_at_1000": 0.80342,
        "map_at_1": 0.64636,
        "map_at_3": 0.72448,
        "map_at_5": 0.73683,
        "map_at_10": 0.74306,
        "map_at_20": 0.74532,
        "map_at_100": 0.74652,
        "map_at_1000": 0.74657,
        "recall_at_1": 0.64636,
        "recall_at_3": 0.82064,
        "recall_at_5": 0.87479,
        "recall_at_10": 0.92132,
        "recall_at_20": 0.95262,
        "recall_at_100": 0.99408,
        "recall_at_1000": 1.0,
        "precision_at_1": 0.64636,
        "precision_at_3": 0.27355,
        "precision_at_5": 0.17496,
        "precision_at_10": 0.09213,
        "precision_at_20": 0.04763,
        "precision_at_100": 0.00994,
        "precision_at_1000": 0.001,
        "mrr_at_1": 0.646362,
        "mrr_at_3": 0.724478,
        "mrr_at_5": 0.73683,
        "mrr_at_10": 0.743058,
        "mrr_at_20": 0.745321,
        "mrr_at_100": 0.746519,
        "mrr_at_1000": 0.746569,
        "nauc_ndcg_at_1_max": 0.459419,
        "nauc_ndcg_at_1_std": 0.11565,
        "nauc_ndcg_at_1_diff1": 0.697082,
        "nauc_ndcg_at_3_max": 0.507222,
        "nauc_ndcg_at_3_std": 0.154142,
        "nauc_ndcg_at_3_diff1": 0.656117,
        "nauc_ndcg_at_5_max": 0.52354,
        "nauc_ndcg_at_5_std": 0.176351,
        "nauc_ndcg_at_5_diff1": 0.664779,
        "nauc_ndcg_at_10_max": 0.517793,
        "nauc_ndcg_at_10_std": 0.180085,
        "nauc_ndcg_at_10_diff1": 0.662617,
        "nauc_ndcg_at_20_max": 0.510611,
        "nauc_ndcg_at_20_std": 0.173658,
        "nauc_ndcg_at_20_diff1": 0.664545,
        "nauc_ndcg_at_100_max": 0.504713,
        "nauc_ndcg_at_100_std": 0.163078,
        "nauc_ndcg_at_100_diff1": 0.668399,
        "nauc_ndcg_at_1000_max": 0.503348,
        "nauc_ndcg_at_1000_std": 0.160372,
        "nauc_ndcg_at_1000_diff1": 0.668695,
        "nauc_map_at_1_max": 0.459419,
        "nauc_map_at_1_std": 0.11565,
        "nauc_map_at_1_diff1": 0.697082,
        "nauc_map_at_3_max": 0.493883,
        "nauc_map_at_3_std": 0.142957,
        "nauc_map_at_3_diff1": 0.666822,
        "nauc_map_at_5_max": 0.50166,
        "nauc_map_at_5_std": 0.154019,
        "nauc_map_at_5_diff1": 0.671643,
        "nauc_map_at_10_max": 0.499253,
        "nauc_map_at_10_std": 0.154702,
        "nauc_map_at_10_diff1": 0.670987,
        "nauc_map_at_20_max": 0.497531,
        "nauc_map_at_20_std": 0.153179,
        "nauc_map_at_20_diff1": 0.6715,
        "nauc_map_at_100_max": 0.496728,
        "nauc_map_at_100_std": 0.151796,
        "nauc_map_at_100_diff1": 0.671979,
        "nauc_map_at_1000_max": 0.496667,
        "nauc_map_at_1000_std": 0.15167,
        "nauc_map_at_1000_diff1": 0.671996,
        "nauc_recall_at_1_max": 0.459419,
        "nauc_recall_at_1_std": 0.11565,
        "nauc_recall_at_1_diff1": 0.697082,
        "nauc_recall_at_3_max": 0.560525,
        "nauc_recall_at_3_std": 0.199109,
        "nauc_recall_at_3_diff1": 0.613779,
        "nauc_recall_at_5_max": 0.642866,
        "nauc_recall_at_5_std": 0.299415,
        "nauc_recall_at_5_diff1": 0.631412,
        "nauc_recall_at_10_max": 0.663995,
        "nauc_recall_at_10_std": 0.39478,
        "nauc_recall_at_10_diff1": 0.598359,
        "nauc_recall_at_20_max": 0.651597,
        "nauc_recall_at_20_std": 0.435708,
        "nauc_recall_at_20_diff1": 0.584738,
        "nauc_recall_at_100_max": 0.776665,
        "nauc_recall_at_100_std": 0.694303,
        "nauc_recall_at_100_diff1": 0.614244,
        "nauc_recall_at_1000_max": NaN,
        "nauc_recall_at_1000_std": NaN,
        "nauc_recall_at_1000_diff1": NaN,
        "nauc_precision_at_1_max": 0.459419,
        "nauc_precision_at_1_std": 0.11565,
        "nauc_precision_at_1_diff1": 0.697082,
        "nauc_precision_at_3_max": 0.560525,
        "nauc_precision_at_3_std": 0.199109,
        "nauc_precision_at_3_diff1": 0.613779,
        "nauc_precision_at_5_max": 0.642866,
        "nauc_precision_at_5_std": 0.299415,
        "nauc_precision_at_5_diff1": 0.631412,
        "nauc_precision_at_10_max": 0.663995,
        "nauc_precision_at_10_std": 0.39478,
        "nauc_precision_at_10_diff1": 0.598359,
        "nauc_precision_at_20_max": 0.651597,
        "nauc_precision_at_20_std": 0.435708,
        "nauc_precision_at_20_diff1": 0.584738,
        "nauc_precision_at_100_max": 0.776665,
        "nauc_precision_at_100_std": 0.694303,
        "nauc_precision_at_100_diff1": 0.614244,
        "nauc_precision_at_1000_max": 1.0,
        "nauc_precision_at_1000_std": 1.0,
        "nauc_precision_at_1000_diff1": 1.0,
        "nauc_mrr_at_1_max": 0.459419,
        "nauc_mrr_at_1_std": 0.11565,
        "nauc_mrr_at_1_diff1": 0.697082,
        "nauc_mrr_at_3_max": 0.493883,
        "nauc_mrr_at_3_std": 0.142957,
        "nauc_mrr_at_3_diff1": 0.666822,
        "nauc_mrr_at_5_max": 0.50166,
        "nauc_mrr_at_5_std": 0.154019,
        "nauc_mrr_at_5_diff1": 0.671643,
        "nauc_mrr_at_10_max": 0.499253,
        "nauc_mrr_at_10_std": 0.154702,
        "nauc_mrr_at_10_diff1": 0.670987,
        "nauc_mrr_at_20_max": 0.497531,
        "nauc_mrr_at_20_std": 0.153179,
        "nauc_mrr_at_20_diff1": 0.6715,
        "nauc_mrr_at_100_max": 0.496728,
        "nauc_mrr_at_100_std": 0.151796,
        "nauc_mrr_at_100_diff1": 0.671979,
        "nauc_mrr_at_1000_max": 0.496667,
        "nauc_mrr_at_1000_std": 0.15167,
        "nauc_mrr_at_1000_diff1": 0.671996,
        "main_score": 0.78658,
        "hf_subset": "vi",
        "languages": [
          "vie-Latn"
        ]
      }
    ]
  },
  "evaluation_time": 3.331202268600464,
  "kg_co2_emissions": null
}